ID,Scale,Length,Width,Height,SurfaceArea,Volume,L_W,L_H,W_H,RatioError
0,1.047255,28.184658,14.609705,4.823924,1236.412577,1986.344874,1.929174,5.842683,3.028594,0.005763
1,0.985771,26.315067,13.499289,4.558801,1073.480855,1619.444365,1.949367,5.772365,2.961149,0.009197
2,1.049616,28.270438,14.467798,4.801066,1228.400111,1963.688556,1.954025,5.888367,3.013456,0.005299
3,1.019364,28.178887,14.276576,4.787455,1211.103315,1925.983771,1.973785,5.885985,2.982080,0.009606
4,0.964135,25.753377,13.287042,4.401955,1028.080714,1506.288200,1.938233,5.850441,3.018441,0.003526
5,0.963021,26.370175,13.466860,4.483714,1067.482640,1592.271933,1.958153,5.881324,3.003506,0.004500
6,0.994635,26.877088,13.732739,4.597197,1111.574832,1696.807193,1.957154,5.846408,2.987198,0.003930
7,0.988448,26.693546,13.883970,4.573343,1112.374623,1694.937695,1.922616,5.836769,3.035847,0.007938
8,1.018768,27.712077,14.358199,4.724599,1193.321372,1879.896745,1.930052,5.865487,3.039030,0.008072
9,1.022439,27.907123,14.372072,4.749254,1203.755622,1904.845871,1.941761,5.876107,3.026175,0.005245
10,1.027076,28.132025,14.392597,4.760358,1214.650651,1927.435172,1.954618,5.909645,3.023427,0.007722
11,0.972359,26.194789,13.499299,4.552117,1068.606830,1609.679859,1.940456,5.754420,2.965499,0.009993
12,1.048463,28.294375,14.718704,4.885608,1253.203196,2034.643486,1.922341,5.791372,3.012666,0.008002
13,1.003497,27.289408,14.121748,4.702960,1160.258313,1812.399234,1.932438,5.802602,3.002736,0.004529
14,1.000644,27.233649,14.031685,4.724867,1154.214402,1805.532243,1.940868,5.763898,2.969752,0.008909
15,0.980686,26.609386,13.607799,4.522078,1087.920849,1637.422627,1.955451,5.884327,3.009192,0.004840
16,0.962216,25.992775,13.421859,4.513586,1053.545454,1574.661023,1.936600,5.758786,2.973658,0.009498
17,0.961387,26.429015,13.498891,4.548208,1076.725617,1622.629471,1.957866,5.810864,2.967958,0.007700
18,0.971530,26.536103,13.802961,4.575957,1101.733232,1676.066799,1.922493,5.799028,3.016410,0.007954
19,1.010095,27.385720,13.905586,4.629157,1143.916848,1762.850007,1.969404,5.915920,3.003913,0.008447
20,0.983485,26.783339,13.679089,4.555377,1101.386614,1668.961264,1.957977,5.879499,3.002844,0.004292
21,1.037021,28.326896,14.410962,4.867038,1232.449182,1986.811556,1.965649,5.820151,2.960931,0.009284
22,1.006711,26.924578,14.032937,4.622468,1134.311439,1746.511307,1.918670,5.824719,3.035811,0.009297
23,0.956166,25.513542,13.058502,4.363625,1002.965211,1453.823212,1.953788,5.846868,2.992581,0.002782
24,1.038455,28.617851,14.678201,4.899476,1264.373065,2058.066809,1.949684,5.841003,2.995872,0.001480
25,0.960230,26.195376,13.556626,4.456642,1064.562743,1582.646874,1.932293,5.877828,3.041893,0.008710
26,1.028072,27.825364,14.093869,4.742285,1181.919915,1859.767634,1.974289,5.867502,2.971958,0.009761
27,0.992270,26.883740,13.863128,4.625921,1122.368994,1724.046953,1.939226,5.811544,2.996836,0.003465